Username;Number of Review;Number of Product;Response Chat (Percentage);Response Chat (Category);Length of Stay;Number of Follower;Product Category;Address;Rating;Status
compshop88;365;523;95%;hitungan jam;15 bulan lalu;428;Komputer & Aksesoris;KOTA JAKARTA UTARA - PADEMANGAN, DKI JAKARTA, ID;4.9 (365 Penilaian);Star
hkcofficial;136;7;90%;hitungan jam;12 bulan lalu;102;Komputer & Aksesoris;KOTA SEMARANG - NGALIYAN, JAWA TENGAH, ID;4.9 (136 Penilaian);Regular
dnacomp;2,9RB;151;98%;hitungan jam;4 tahun lalu;7,6RB;Komputer & Aksesoris;KOTA JAKARTA PUSAT - SAWAH BESAR, DKI JAKARTA, ID;4.8 (2,9RB Penilaian);Regular
lucky88_mobile;23RB;267;97%;hitungan jam;3 tahun lalu;20,6RB;Komputer & Aksesoris;KOTA JAKARTA BARAT - TAMAN SARI, DKI JAKARTA, ID;4.7 (23RB Penilaian);Regular
pesonacomputer;282;135;98%;hitungan jam;21 bulan lalu;4,1RB;Komputer & Aksesoris;KAB. JEPARA - JEPARA, JAWA TENGAH, ID;4.8 (282 Penilaian);Regular
twentycell;7,7RB;44;3%;hitungan jam;4 tahun lalu;66,5RB;Komputer & Aksesoris;KOTA JAKARTA UTARA - PADEMANGAN, DKI JAKARTA, ID;4.7 (7,7RB Penilaian);Regular
erwan_kg;791;437;90%;hitungan jam;5 tahun lalu;2,8RB;Komputer & Aksesoris;KOTA SURABAYA - BENOWO, JAWA TIMUR, ID;4.7 (791 Penilaian);Regular
sahrulsetiawansukses;142;20;93%;hitungan jam;17 bulan lalu;399;Komputer & Aksesoris;KOTA BANDUNG - KIARACONDONG, JAWA BARAT, ID;5.0 (142 Penilaian);Regular
hermanef2019;376;23;86%;hitungan jam;25 bulan lalu;301;Komputer & Aksesoris;KOTA MALANG - KEDUNGKANDANG, JAWA TIMUR, ID;4.8 (376 Penilaian);Regular
tangcitykliknklik;499;168;99%;hitungan jam;9 bulan lalu;1RB;Komputer & Aksesoris;KOTA TANGERANG - TANGERANG, BANTEN, ID;4.8 (499 Penilaian);Star+
adelfashop;23,9RB;560;86%;hitungan jam;33 bulan lalu;5RB;Komputer & Aksesoris;KOTA JAKARTA UTARA - PADEMANGAN, DKI JAKARTA, ID;4.7 (23,9RB Penilaian);Star
skynetcompt;10,9RB;342;99%;hitungan menit;4 tahun lalu;16,8RB;Komputer & Aksesoris;KOTA JAKARTA PUSAT - KEMAYORAN, DKI JAKARTA, ID;4.9 (10,9RB Penilaian);Star+
wilazasale;1,3RB;103;90%;hitungan jam;3 tahun lalu;2,4RB;Komputer & Aksesoris;KOTA JAKARTA BARAT - KALIDERES, DKI JAKARTA, ID;4.8 (1,3RB Penilaian);Regular
braddajay;408;31;97%;hitungan jam;16 bulan lalu;1,1RB;Komputer & Aksesoris;KOTA JAKARTA TIMUR - CIRACAS, DKI JAKARTA, ID;4.6 (408 Penilaian);Regular
computerindojepara;689;203;96%;hitungan jam;3 tahun lalu;7,5RB;Komputer & Aksesoris;KAB. JEPARA - TAHUNAN, JAWA TENGAH, ID;4.7 (689 Penilaian);Regular
infinitytechnology;2,9RB;84;96%;hitungan jam;4 tahun lalu;15,3RB;Komputer & Aksesoris;KOTA JAKARTA PUSAT - SAWAH BESAR, DKI JAKARTA, ID;4.8 (2,9RB Penilaian);Regular
sultan_game;14;99;91%;hitungan jam;3 bulan lalu;48;Komputer & Aksesoris;KOTA JAKARTA BARAT - TAMAN SARI, DKI JAKARTA, ID;48;Regular
hp.officialshop;46,9RB;415;100%;hitungan menit;31 bulan lalu;133,5RB;Komputer & Aksesoris;KOTA JAKARTA UTARA;4.9 (46,9RB Penilaian);Shopee Mall
juallaptop;164;8;97%;hitungan menit;8 bulan lalu;408;Komputer & Aksesoris;KOTA SURABAYA - SUKOLILO, JAWA TIMUR, ID;4.8 (164 Penilaian);Regular
indahsd;352;78;92%;hitungan jam;5 tahun lalu;542;Komputer & Aksesoris;KOTA JAKARTA BARAT - TAMAN SARI, DKI JAKARTA, ID;4.5 (352 Penilaian);Regular
intelofficial;1,7RB;153;100%;hitungan jam;24 bulan lalu;15,4RB;Komputer & Aksesoris;KOTA JAKARTA UTARA - PADEMANGAN, DKI JAKARTA, ID;4.9 (1,7RB Penilaian);Shopee Mall
svconline;1,4RB;252;98%;hitungan jam;22 bulan lalu;12,1RB;Komputer & Aksesoris;KOTA JAKARTA BARAT - TAMBORA, DKI JAKARTA, ID;4.8 (1,4RB Penilaian);Regular
laptopproject20;152;49;95%;hitungan jam;16 bulan lalu;434;Komputer & Aksesoris;KOTA BANDUNG - KIARACONDONG, JAWA BARAT, ID;4.8 (152 Penilaian);Star
abriankun;2,5RB;99;94%;hitungan jam;29 bulan lalu;7,7RB;Komputer & Aksesoris;KOTA JAKARTA PUSAT - SAWAH BESAR, DKI JAKARTA, ID;4.7 (2,5RB Penilaian);Regular
cyber.elektronik;57;30;97%;hitungan menit;4 tahun lalu;199;Komputer & Aksesoris;KOTA JAKARTA BARAT - TAMAN SARI, DKI JAKARTA, ID;4.9 (57 Penilaian);Regular
jameslaptopstore;229;7;98%;hitungan jam;10 bulan lalu;773;Komputer & Aksesoris;KOTA SEMARANG - NGALIYAN, JAWA TENGAH, ID;4.8 (229 Penilaian);Regular
indojaya.computer;1,9RB;64;98%;hitungan menit;13 bulan lalu;5,9RB;Komputer & Aksesoris;KOTA BANDUNG - SUMUR BANDUNG, JAWA BARAT, ID;4.9 (1,9RB Penilaian);Regular
jykomputer;4,5RB;570;99%;hitungan jam;5 tahun lalu;3,3RB;Komputer & Aksesoris;KOTA MALANG - KLOJEN, JAWA TIMUR, ID;4.8 (4,5RB Penilaian);Star
carmelie.id;1,3RB;60;65%;hitungan jam;4 tahun lalu;1,6RB;Komputer & Aksesoris;KOTA JAKARTA PUSAT - CEMPAKA PUTIH, DKI JAKARTA, ID;4.7 (1,3RB Penilaian);Regular
prevnext_computer;438;64;94%;hitungan jam;22 bulan lalu;3,3RB;Komputer & Aksesoris;KOTA JAKARTA TIMUR - PULO GADUNG, DKI JAKARTA, ID;4.7 (438 Penilaian);Regular
gamer.id_mall;247;318;98%;hitungan jam;3 bulan lalu;615;Komputer & Aksesoris;KOTA JAKARTA UTARA - PADEMANGAN, DKI JAKARTA, ID;4.8 (247 Penilaian);Shopee Mall
hexacom20;456;749;98%;hitungan jam;16 bulan lalu;478;Komputer & Aksesoris;KOTA JAKARTA UTARA - PADEMANGAN, DKI JAKARTA, ID;4.8 (456 Penilaian);Star
arizkyoctaviiani;2,5RB;191;91%;hitungan jam;6 tahun lalu;12,8RB;Komputer & Aksesoris;KOTA JAKARTA UTARA - PENJARINGAN, DKI JAKARTA, ID;4.7 (2,5RB Penilaian);Regular
agresid;1RB;601;88%;hitungan jam;13 bulan lalu;4,7RB;Komputer & Aksesoris;KOTA JAKARTA UTARA - PADEMANGAN, DKI JAKARTA, ID;4.8 (1RB Penilaian);Shopee Mall
zahir.13;782;87;95%;hitungan jam;3 tahun lalu;866;Komputer & Aksesoris;KOTA JAKARTA UTARA - PADEMANGAN, DKI JAKARTA, ID;866;Regular
yosuagideon;362;141;94%;hitungan jam;5 tahun lalu;708;Komputer & Aksesoris;KOTA JAKARTA SELATAN - KEBAYORAN BARU, DKI JAKARTA, ID;4.8 (362 Penilaian);Regular
new.meteor;775;596;71%;hitungan jam;23 bulan lalu;691;Komputer & Aksesoris;KOTA JAKARTA BARAT - TAMAN SARI, DKI JAKARTA, ID;4.8 (775 Penilaian);Regular
gsrcomp;866;150;94%;hitungan jam;4 tahun lalu;3,1RB;Komputer & Aksesoris;KOTA JAKARTA BARAT - CENGKARENG, DKI JAKARTA, ID;4.7 (866 Penilaian);Regular
itgaleriofficial;996;289;91%;hitungan jam;23 bulan lalu;11,1RB;Komputer & Aksesoris;KOTA TANGERANG SELATAN - CIPUTAT TIMUR, BANTEN, ID;4.9 (996 Penilaian);Shopee Mall
saifulnugraha12;944;92;97%;hitungan jam;16 bulan lalu;34,4RB;Komputer & Aksesoris;KOTA JAKARTA UTARA - PADEMANGAN, DKI JAKARTA, ID;4.9 (944 Penilaian);Star
skytech.store;727;296;100%;hitungan jam;19 bulan lalu;1RB;Komputer & Aksesoris;KOTA JAKARTA PUSAT - KEMAYORAN, DKI JAKARTA, ID;4.9 (727 Penilaian);Star+
visiontech98;10;90;99%;hitungan jam;4 bulan lalu;21;Komputer & Aksesoris;KOTA DEPOK - BEJI, JAWA BARAT, ID;4.6 (10 Penilaian);Regular
liemsiaw;2RB;52;98%;hitungan jam;18 bulan lalu;3RB;Komputer & Aksesoris;KOTA JAKARTA BARAT - GROGOL PETAMBURAN, DKI JAKARTA, ID;4.8 (2RB Penilaian);Regular
collinsofficial;10;50;98%;hitungan jam;9 bulan lalu;29;Komputer & Aksesoris;KOTA JAKARTA PUSAT - SAWAH BESAR, DKI JAKARTA, ID;5.0 (10 Penilaian);Regular
compasscomp;120;98;94%;hitungan jam;7 bulan lalu;136;Komputer & Aksesoris;KOTA JAKARTA PUSAT - SAWAH BESAR, DKI JAKARTA, ID;4.8 (120 Penilaian);Regular
rumahlaptop_;2,4RB;503;97%;hitungan jam;4 tahun lalu;1,4RB;Komputer & Aksesoris;KOTA SURABAYA - BENOWO, JAWA TIMUR, ID;4.8 (2,4RB Penilaian);Regular
miuossurabaya;558;160;99%;hitungan jam;4 tahun lalu;3,6RB;Komputer & Aksesoris;KOTA SURABAYA - WONOCOLO, JAWA TIMUR, ID;4.8 (558 Penilaian);Regular
hpshopping.id;7,6RB;1,1RB;100%;hitungan jam;4 tahun lalu;44,5RB;Komputer & Aksesoris;KOTA JAKARTA UTARA - PADEMANGAN, DKI JAKARTA, ID;4.8 (7,6RB Penilaian);Shopee Mall
juraganlaptop_pro;459;412;96%;hitungan jam;12 bulan lalu;202;Komputer & Aksesoris;KOTA SURABAYA - SAWAHAN, JAWA TIMUR, ID;4.9 (459 Penilaian);Star+
betet89;1,5RB;61;93%;hitungan jam;34 bulan lalu;6,1RB;Komputer & Aksesoris;KOTA JAKARTA TIMUR - CAKUNG, DKI JAKARTA, ID;4.7 (1,5RB Penilaian);Regular
okedistro;390;73;45%;hitungan jam;5 tahun lalu;1,6RB;Komputer & Aksesoris;KOTA TANGERANG SELATAN - PAMULANG, BANTEN, ID;4.6 (390 Penilaian);Regular
sewalaptop;246;60;99%;hitungan jam;11 bulan lalu;397;Komputer & Aksesoris;KOTA JAKARTA PUSAT - SAWAH BESAR, DKI JAKARTA, ID;4.8 (246 Penilaian);Regular
realpolobagsofficial;7,6RB;77;83%;hitungan jam;17 bulan lalu;20,2RB;Tas Pria;KOTA JAKARTA UTARA - PENJARINGAN, DKI JAKARTA, ID;4.8 (7,6RB Penilaian);Shopee Mall
aliexpert;976;80;72%;hitungan jam;25 bulan lalu;104;Komputer & Aksesoris;KOTA JAKARTA UTARA - KELAPA GADING, DKI JAKARTA, ID;4.9 (976 Penilaian);Regular
lapycomp;1,4RB;726;93%;hitungan jam;3 tahun lalu;878;Komputer & Aksesoris;KOTA SURABAYA - BENOWO, JAWA TIMUR, ID;4.8 (1,4RB Penilaian);Regular
mrdata;25,1RB;870;100%;hitungan jam;6 tahun lalu;16,8RB;Komputer & Aksesoris;KOTA JAKARTA BARAT - CENGKARENG, DKI JAKARTA, ID;4.7 (25,1RB Penilaian);Regular
spesialis_laptop;10;88;99%;hitungan menit;57 hari lalu;84;Komputer & Aksesoris;KOTA DEPOK - BOJONGSARI, JAWA BARAT, ID;4.8 (10 Penilaian);Regular
ariefsetiawanqe;2RB;109;93%;hitungan jam;24 bulan lalu;6RB;Komputer & Aksesoris;KAB. BEKASI - CIKARANG PUSAT, JAWA BARAT, ID;4.7 (2RB Penilaian);Regular
zona_tech;8,7RB;360;100%;hitungan jam;20 bulan lalu;7,1RB;Komputer & Aksesoris;KOTA JAKARTA BARAT - KEMBANGAN, DKI JAKARTA, ID;4.9 (8,7RB Penilaian);Star+
sixtyninenotebook;865;139;95%;hitungan jam;27 bulan lalu;2RB;Komputer & Aksesoris;KOTA JAKARTA PUSAT - KEMAYORAN, DKI JAKARTA, ID;4.9 (865 Penilaian);Regular
nextshop77;310;50;96%;hitungan jam;34 bulan lalu;342;Komputer & Aksesoris;KOTA JAKARTA BARAT - CENGKARENG, DKI JAKARTA, ID;4.6 (310 Penilaian);Regular
leva_com18;993;99;97%;hitungan jam;20 bulan lalu;886;Komputer & Aksesoris;KOTA JAKARTA UTARA - PADEMANGAN, DKI JAKARTA, ID;4.5 (993 Penilaian);Regular
protechcomp;1,9RB;319;94%;hitungan jam;4 tahun lalu;12,7RB;Komputer & Aksesoris;KOTA JAKARTA PUSAT - SAWAH BESAR, DKI JAKARTA, ID;4.7 (1,9RB Penilaian);Star
grade_computer;40,6RB;1,2RB;100%;hitungan jam;30 bulan lalu;9,1RB;Komputer & Aksesoris;KOTA JAKARTA UTARA - PADEMANGAN, DKI JAKARTA, ID;4.8 (40,6RB Penilaian);Regular
kingzn_notebook;213;537;95%;hitungan jam;3 tahun lalu;354;Komputer & Aksesoris;KOTA JAKARTA PUSAT - SAWAH BESAR, DKI JAKARTA, ID;4.7 (213 Penilaian);Star
foxcomputer;127;57;98%;hitungan jam;4 tahun lalu;115;Komputer & Aksesoris;KOTA JAKARTA PUSAT - SAWAH BESAR, DKI JAKARTA, ID;4.9 (127 Penilaian);Regular
msiofficial;202;67;92%;hitungan jam;4 tahun lalu;11RB;Komputer & Aksesoris;KOTA JAKARTA BARAT - TAMAN SARI, DKI JAKARTA, ID;4.9 (202 Penilaian);Shopee Mall
hp.agres;166;336;100%;hitungan menit;2 bulan lalu;583;Komputer & Aksesoris;KOTA JAKARTA UTARA - PADEMANGAN, DKI JAKARTA, ID;4.9 (166 Penilaian);Shopee Mall
annur_store.id;36;34;100%;hitungan jam;14 bulan lalu;250;Komputer & Aksesoris;KOTA BEKASI - PONDOK MELATI, JAWA BARAT, ID;4.8 (36 Penilaian);Regular
shinecom119;1,9RB;366;98%;hitungan menit;4 tahun lalu;4,7RB;Komputer & Aksesoris;KOTA JAKARTA UTARA - PADEMANGAN, DKI JAKARTA, ID;4.9 (1,9RB Penilaian);Star
psi.fashion;58,1RB;60;100%;hitungan jam;34 bulan lalu;81,4RB;Tas Wanita;KOTA TANGERANG - BATUCEPER, BANTEN, ID;4.8 (58,1RB Penilaian);Star
rifan.j;433;63;89%;hitungan jam;3 tahun lalu;524;Komputer & Aksesoris;KOTA JAKARTA UTARA - PADEMANGAN, DKI JAKARTA, ID;4.6 (433 Penilaian);Regular
blue_comp;35;40;97%;hitungan jam;6 bulan lalu;86;Komputer & Aksesoris;KOTA JAKARTA PUSAT - SAWAH BESAR, DKI JAKARTA, ID;4.7 (35 Penilaian);Regular
hp.itgaleri;57;325;100%;hitungan jam;2 bulan lalu;632;Komputer & Aksesoris;KOTA TANGERANG SELATAN - CIPUTAT TIMUR, BANTEN, ID;4.9 (57 Penilaian);Shopee Mall
lenovo.id;6,7RB;362;77%;hitungan jam;4 tahun lalu;182,5RB;Komputer & Aksesoris;KOTA JAKARTA PUSAT - SAWAH BESAR, DKI JAKARTA, ID;4.9 (6,7RB Penilaian);Shopee Mall
applestore.jkt;9,9RB;250;86%;hitungan jam;24 bulan lalu;8,4RB;Komputer & Aksesoris;KOTA JAKARTA PUSAT - GAMBIR, DKI JAKARTA, ID;4.9 (9,9RB Penilaian);Regular
askcom;93;222;99%;hitungan menit;12 bulan lalu;118;Komputer & Aksesoris;KOTA JAKARTA SELATAN - SETIA BUDI, DKI JAKARTA, ID;4.9 (93 Penilaian);Regular
wilaza;610;101;79%;hitungan jam;5 tahun lalu;1,8RB;Komputer & Aksesoris;KOTA JAKARTA BARAT - KALIDERES, DKI JAKARTA, ID;4.8 (610 Penilaian);Regular
nuri_himawati;2,4RB;677;96%;hitungan jam;5 tahun lalu;522;Komputer & Aksesoris;KOTA SURAKARTA (SOLO) - BANJARSARI, JAWA TENGAH, ID;4.9 (2,4RB Penilaian);Regular
rex_id;15;133;99%;hitungan jam;4 bulan lalu;10;Komputer & Aksesoris;KOTA JAKARTA PUSAT - SAWAH BESAR, DKI JAKARTA, ID;4.9 (15 Penilaian);Regular
basecomtech;176;306;100%;hitungan menit;7 bulan lalu;183;Komputer & Aksesoris;KOTA BEKASI - BEKASI SELATAN, JAWA BARAT, ID;4.9 (176 Penilaian);Star+
cityland.store7283;217;274;97%;hitungan jam;6 bulan lalu;417;Komputer & Aksesoris;KOTA JAKARTA BARAT - TAMAN SARI, DKI JAKARTA, ID;4.9 (217 Penilaian);Star
jaydan1314;17;10;87%;hitungan jam;9 bulan lalu;42;Komputer & Aksesoris;KOTA JAKARTA UTARA - PADEMANGAN, DKI JAKARTA, ID;4.6 (17 Penilaian);Regular
technostar.id;11;2;98%;hitungan jam;2 bulan lalu;29;Komputer & Aksesoris;KOTA TANGERANG SELATAN - SERPONG, BANTEN, ID;5.0 (11 Penilaian);Regular
thinkpadsecond;1,3RB;54;100%;hitungan jam;36 bulan lalu;3,4RB;Komputer & Aksesoris;KOTA JAKARTA PUSAT - SAWAH BESAR, DKI JAKARTA, ID;4.8 (1,3RB Penilaian);Regular
ciptatech92;2,4RB;111;97%;hitungan jam;24 bulan lalu;7,1RB;Komputer & Aksesoris;KOTA JAKARTA PUSAT - SAWAH BESAR, DKI JAKARTA, ID;4.9 (2,4RB Penilaian);Star+
laptopplaza;718;203;63%;hitungan jam;22 bulan lalu;5,4RB;Komputer & Aksesoris;KOTA PEKANBARU - PEKANBARU KOTA, RIAU, ID;4.5 (718 Penilaian);Regular
smartmedia66;145;822;96%;hitungan jam;3 tahun lalu;335;Komputer & Aksesoris;KOTA MAKASSAR - MAMAJANG, SULAWESI SELATAN, ID;4.9 (145 Penilaian);Regular
agarespgc;345;978;100%;hitungan menit;13 bulan lalu;191;Komputer & Aksesoris;KOTA JAKARTA TIMUR - KRAMAT JATI, DKI JAKARTA, ID;4.9 (345 Penilaian);Star+
comlogics;3;134;76%;hitungan jam;11 bulan lalu;9;Komputer & Aksesoris;KOTA JAKARTA PUSAT - SAWAH BESAR, DKI JAKARTA, ID;5.0 (3 Penilaian);Regular
morodadijaya;2,3RB;877;94%;hitungan jam;5 tahun lalu;3,4RB;Komputer & Aksesoris;KOTA SURABAYA - BENOWO, JAWA TIMUR, ID;4.8 (2,3RB Penilaian);Star
soopian;1,7RB;3,2RB;95%;hitungan jam;4 tahun lalu;922;Komputer & Aksesoris;KAB. GARUT - KERSAMANAH, JAWA BARAT, ID;4.8 (1,7RB Penilaian);Star+
anugerah_grosir;2,8RB;456;95%;hitungan jam;33 bulan lalu;2,2RB;Komputer & Aksesoris;KOTA SURABAYA - BENOWO, JAWA TIMUR, ID;4.8 (2,8RB Penilaian);Regular
mediatechstore;10,5RB;768;73%;hitungan jam;5 tahun lalu;1,6RB;Komputer & Aksesoris;KOTA MEDAN - MEDAN BARAT, SUMATERA UTARA, ID;4.8 (10,5RB Penilaian);Regular
heylook.co;21,6RB;198;98%;hitungan jam;3 tahun lalu;18,1RB;Tas Wanita;KOTA TANGERANG - BATUCEPER, BANTEN, ID;4.7 (21,6RB Penilaian);Star
btv.computer;74;12;41%;hitungan jam;28 bulan lalu;170;Komputer & Aksesoris;KOTA JAKARTA BARAT - CENGKARENG, DKI JAKARTA, ID;4.5 (74 Penilaian);Regular
hoyhoy_notebook;37;313;95%;hitungan jam;11 bulan lalu;117;Komputer & Aksesoris;KOTA JAKARTA PUSAT - SAWAH BESAR, DKI JAKARTA, ID;4.9 (37 Penilaian);Regular
skycom2002;810;152;84%;hitungan jam;4 tahun lalu;5,2RB;Komputer & Aksesoris;KOTA JAKARTA UTARA - PADEMANGAN, DKI JAKARTA, ID;4.8 (810 Penilaian);Regular
we_comp;15,2RB;411;100%;hitungan jam;4 tahun lalu;17RB;Komputer & Aksesoris;KOTA JAKARTA BARAT - KEMBANGAN, DKI JAKARTA, ID;4.9 (15,2RB Penilaian);Star+
partag;1,7RB;341;98%;hitungan jam;4 tahun lalu;944;Komputer & Aksesoris;KOTA SURABAYA - TAMBAKSARI, JAWA TIMUR, ID;4.8 (1,7RB Penilaian);Star
kosalya;445;441;84%;hitungan jam;5 tahun lalu;527;Komputer & Aksesoris;KAB. SLEMAN - DEPOK, DI YOGYAKARTA, ID;4.6 (445 Penilaian);Regular
unit.computer;54;199;88%;hitungan jam;11 bulan lalu;915;Komputer & Aksesoris;KOTA MALANG - SUKUN, JAWA TIMUR, ID;5.0 (54 Penilaian);Regular
siberiancore;96;998;100%;hitungan menit;9 bulan lalu;86;Komputer & Aksesoris;KOTA JAKARTA TIMUR - KRAMAT JATI, DKI JAKARTA, ID;4.9 (96 Penilaian);Star+
shulingtan66;2;48;91%;hitungan jam;21 bulan lalu;15;Komputer & Aksesoris;KAB. KEPULAUAN MERANTI - TEBING TINGGI, RIAU, ID;5.0 (2 Penilaian);Regular
ameeracell;217;305;80%;hitungan jam;3 tahun lalu;2,2RB;Komputer & Aksesoris;KAB. INDRAMAYU - SUKRA, JAWA BARAT, ID;4.7 (217 Penilaian);Regular
infonet.co.id;1,3RB;789;95%;hitungan jam;3 tahun lalu;1,7RB;Komputer & Aksesoris;KOTA JAKARTA UTARA - PENJARINGAN, DKI JAKARTA, ID;4.9 (1,3RB Penilaian);Shopee Mall
v2.electronic;234;99;100%;hitungan menit;27 bulan lalu;156;Komputer & Aksesoris;KOTA JAKARTA BARAT - TAMAN SARI, DKI JAKARTA, ID;4.9 (234 Penilaian);Regular
cctv_elektronik;42;464;93%;hitungan jam;3 tahun lalu;63;Komputer & Aksesoris;KOTA JAKARTA BARAT - TAMBORA, DKI JAKARTA, ID;4.5 (42 Penilaian);Regular
kliknklikstore;298;289;95%;hitungan jam;27 bulan lalu;316;Komputer & Aksesoris;KOTA JAKARTA TIMUR - KRAMAT JATI, DKI JAKARTA, ID;4.9 (298 Penilaian);Regular
fajaryudistian48;61;50;75%;hitungan jam;4 tahun lalu;212;Komputer & Aksesoris;KAB. BANDUNG BARAT - LEMBANG, JAWA BARAT, ID;4.4 (61 Penilaian);Regular
lioncomputer;314;57;91%;hitungan jam;25 bulan lalu;166;Komputer & Aksesoris;KOTA JAKARTA PUSAT - SAWAH BESAR, DKI JAKARTA, ID;4.8 (314 Penilaian);Regular
novibelfania;50;100;79%;hitungan jam;35 bulan lalu;71;Komputer & Aksesoris;KOTA BANDUNG - SUMUR BANDUNG, JAWA BARAT, ID;5.0 (50 Penilaian);Regular
planetsolutions_it;64;99;46%;hitungan jam;16 bulan lalu;197;Komputer & Aksesoris;KOTA JAKARTA PUSAT - SAWAH BESAR, DKI JAKARTA, ID;4.7 (64 Penilaian);Regular
nr_computer;349;825;97%;hitungan jam;26 bulan lalu;79;Komputer & Aksesoris;KAB. BANDUNG - KATAPANG, JAWA BARAT, ID;79;Regular
odomart;10,4RB;993;77%;hitungan jam;5 tahun lalu;3,6RB;Komputer & Aksesoris;KOTA JAKARTA PUSAT - SAWAH BESAR, DKI JAKARTA, ID;4.8 (10,4RB Penilaian);Regular
globalphonestore_;611;198;96%;hitungan jam;19 bulan lalu;7,9RB;Komputer & Aksesoris;KOTA BANDUNG - COBLONG, JAWA BARAT, ID;4.8 (611 Penilaian);Regular
kiete;152;95;90%;hitungan jam;4 tahun lalu;1,8RB;Komputer & Aksesoris;KOTA TANGERANG - TANGERANG, BANTEN, ID;4.7 (152 Penilaian);Regular
century.komputer;732;86;96%;hitungan jam;23 bulan lalu;1,7RB;Komputer & Aksesoris;KOTA PEKANBARU - TAMPAN, RIAU, ID;4.6 (732 Penilaian);Regular
batavia_laptop;747;129;97%;hitungan jam;3 tahun lalu;1,5RB;Komputer & Aksesoris;KOTA JAKARTA PUSAT - SAWAH BESAR, DKI JAKARTA, ID;4.9 (747 Penilaian);Regular
annamuthia;30;21;96%;hitungan jam;9 bulan lalu;50;Komputer & Aksesoris;KOTA JAKARTA UTARA - PADEMANGAN, DKI JAKARTA, ID;4.9 (30 Penilaian);Regular
technoca_id;14;86;96%;hitungan jam;7 bulan lalu;488;Komputer & Aksesoris;KOTA BANDUNG - KIARACONDONG, JAWA BARAT, ID;4.9 (14 Penilaian);Regular
prapatan_22;19;18;97%;hitungan menit;8 bulan lalu;71;Komputer & Aksesoris;KOTA JAKARTA UTARA - KOJA, DKI JAKARTA, ID;5.0 (19 Penilaian);Regular
grosiriaofficialstore;136;392;90%;hitungan jam;12 bulan lalu;105;Komputer & Aksesoris;KOTA SURABAYA - TAMBAKSARI, JAWA TIMUR, ID;4.9 (136 Penilaian);Star
technostarplus;4;2;17%;hitungan jam;38 hari lalu;1;Komputer & Aksesoris;KOTA TANGERANG SELATAN - SERPONG, BANTEN, ID;5.0 (4 Penilaian);Regular
desyree27;177;93;95%;hitungan jam;4 tahun lalu;2,9RB;Komputer & Aksesoris;KOTA JAKARTA PUSAT - SAWAH BESAR, DKI JAKARTA, ID;4.8 (177 Penilaian);Regular
milanbarok;272;366;37%;hitungan jam;5 tahun lalu;743;Komputer & Aksesoris;KOTA SURABAYA - BENOWO, JAWA TIMUR, ID;4.5 (272 Penilaian);Regular
akhdan_lopo;25;53;91%;hitungan jam;12 bulan lalu;27;Komputer & Aksesoris;KOTA JAKARTA UTARA - PADEMANGAN, DKI JAKARTA, ID;4.7 (25 Penilaian);Regular
riskayuliee;306;170;56%;hitungan jam;28 bulan lalu;503;Komputer & Aksesoris;KOTA BEKASI - JATIASIH, JAWA BARAT, ID;4.6 (306 Penilaian);Regular
clavier;7,8RB;1,1RB;97%;hitungan jam;5 tahun lalu;3,6RB;Komputer & Aksesoris;KOTA SURABAYA - LAKAR SANTRI, JAWA TIMUR, ID;4.8 (7,8RB Penilaian);Regular
asusofficialshop;10,2RB;586;100%;hitungan menit;3 tahun lalu;178,7RB;Komputer & Aksesoris;KOTA JAKARTA UTARA;4.8 (10,2RB Penilaian);Shopee Mall
cahayaabadicomputer;275;92;89%;hitungan jam;20 bulan lalu;542;Komputer & Aksesoris;KOTA JAKARTA PUSAT - SAWAH BESAR, DKI JAKARTA, ID;4.6 (275 Penilaian);Regular
alie_claser;67;76;98%;hitungan jam;22 bulan lalu;169;Komputer & Aksesoris;KOTA BOGOR - BOGOR UTARA - KOTA, JAWA BARAT, ID;4.9 (67 Penilaian);Regular
vegasautolamp;169;170;69%;hitungan jam;4 tahun lalu;2,8RB;Komputer & Aksesoris;KOTA JAKARTA UTARA - PADEMANGAN, DKI JAKARTA, ID;4.7 (169 Penilaian);Regular
cahayamataharicomputers;2,2RB;848;98%;hitungan jam;4 tahun lalu;473;Komputer & Aksesoris;KOTA JAKARTA SELATAN - SETIA BUDI, DKI JAKARTA, ID;4.9 (2,2RB Penilaian);Regular
dwi.jayanto;30;23;95%;hitungan jam;4 tahun lalu;64;Komputer & Aksesoris;KOTA JAKARTA UTARA - KOJA, DKI JAKARTA, ID;5.0 (30 Penilaian);Regular
jimmclick;490;879;89%;hitungan jam;3 tahun lalu;743;Komputer & Aksesoris;KOTA JAKARTA PUSAT - SAWAH BESAR, DKI JAKARTA, ID;4.9 (490 Penilaian);Regular
asrialamer;92;42;88%;hitungan menit;34 bulan lalu;97;Komputer & Aksesoris;KOTA BANDUNG - KIARACONDONG, JAWA BARAT, ID;4.7 (92 Penilaian);Regular
flazz_99;13;254;96%;hitungan menit;4 bulan lalu;18;Komputer & Aksesoris;KOTA JAKARTA BARAT - TAMAN SARI, DKI JAKARTA, ID;5.0 (13 Penilaian);Regular
murniajjah;290;91;86%;hitungan jam;4 tahun lalu;1,2RB;Komputer & Aksesoris;KOTA JAKARTA BARAT - CENGKARENG, DKI JAKARTA, ID;4.6 (290 Penilaian);Regular
asrafagus89;13;34;90%;hitungan jam;19 bulan lalu;125;Komputer & Aksesoris;KAB. PONOROGO - PONOROGO, JAWA TIMUR, ID;4.8 (13 Penilaian);Regular
laptopcpu;133;84;99%;hitungan jam;14 bulan lalu;152;Komputer & Aksesoris;KOTA JAKARTA PUSAT - SAWAH BESAR, DKI JAKARTA, ID;4.8 (133 Penilaian);Regular
gorsir_komputer;127;33;41%;hitungan jam;25 bulan lalu;1,2RB;Komputer & Aksesoris;KOTA CIMAHI - CIMAHI UTARA, JAWA BARAT, ID;4.6 (127 Penilaian);Regular
sinarmulia.;4,3RB;360;99%;hitungan jam;4 tahun lalu;5RB;Komputer & Aksesoris;KOTA JAKARTA BARAT - GROGOL PETAMBURAN, DKI JAKARTA, ID;4.9 (4,3RB Penilaian);Star+
wepart;26,6RB;1,2RB;89%;hitungan jam;33 bulan lalu;2,4RB;Komputer & Aksesoris;KOTA JAKARTA UTARA - PADEMANGAN, DKI JAKARTA, ID;4.8 (26,6RB Penilaian);Regular
yandra93;116;475;82%;hitungan jam;34 bulan lalu;33;Komputer & Aksesoris;KOTA JAKARTA PUSAT - SAWAH BESAR, DKI JAKARTA, ID;33;Regular
juragancomputerr;127;118;98%;hitungan jam;4 tahun lalu;260;Komputer & Aksesoris;KOTA JAKARTA PUSAT - SAWAH BESAR, DKI JAKARTA, ID;4.6 (127 Penilaian);Regular
zona.digital;3,2RB;389;96%;hitungan jam;24 bulan lalu;2RB;Komputer & Aksesoris;KOTA JAKARTA PUSAT - SAWAH BESAR, DKI JAKARTA, ID;4.8 (3,2RB Penilaian);Regular
rizkiprianto994;5,7RB;324;97%;hitungan jam;24 bulan lalu;2,5RB;Komputer & Aksesoris;KAB. TANGERANG - KOSAMBI, BANTEN, ID;4.9 (5,7RB Penilaian);Regular
uptodatebandung;323;888;89%;hitungan jam;5 tahun lalu;2,4RB;Komputer & Aksesoris;KOTA BANDUNG - SUMUR BANDUNG, JAWA BARAT, ID;4.9 (323 Penilaian);Star
suplementory;489;159;95%;hitungan jam;17 bulan lalu;193;Komputer & Aksesoris;KOTA DEPOK - BEJI, JAWA BARAT, ID;4.7 (489 Penilaian);Regular
